"custID","gender","state","cardholder","balance","numTrans","numIntlTrans","creditLine","fraudRisk"
1,1,35,1,3000,4,14,2,0
2,2,2,1,0,9,0,18,0
3,2,2,1,0,27,9,16,0
4,1,15,1,0,12,0,5,0
5,1,46,1,0,11,16,7,0
6,2,44,2,5546,21,0,13,0
7,1,3,1,2000,41,0,1,0
8,1,10,1,6016,20,3,6,0
9,2,32,1,2428,4,10,22,0
10,1,23,1,0,18,56,5,0
11,1,46,1,4601,54,0,4,0
12,1,10,1,3000,20,0,2,0
13,1,6,1,0,45,2,4,0
14,2,38,1,9000,41,3,8,0
15,1,27,1,5227,60,0,17,0
16,1,44,1,0,22,0,5,0
17,2,18,1,13970,20,0,13,0
18,1,35,1,3113,13,6,8,0
19,1,5,1,9000,20,2,8,0
20,2,31,1,1860,21,10,8,0
21,1,39,1,4000,24,0,3,0
22,1,34,1,0,22,0,3,0
23,1,5,1,0,7,0,11,0
24,2,21,1,0,15,0,3,0
25,1,25,1,0,12,0,65,0
26,2,29,1,5000,4,9,4,0
27,1,38,1,4000,21,5,3,0
28,1,9,1,12000,20,0,11,0
29,2,20,1,0,19,0,2,0
30,2,49,1,5192,84,0,13,1
31,1,29,1,0,23,0,4,0
32,1,31,1,6000,8,0,5,0
33,2,48,1,4899,49,0,10,0
34,2,20,1,7000,43,2,6,0
35,1,44,1,0,27,0,8,0
36,1,20,1,10257,23,0,13,0
37,1,36,1,5000,24,0,4,0
38,2,36,1,3000,34,22,2,0
39,1,5,1,5000,14,0,4,0
40,2,46,1,9000,7,0,8,0
41,1,5,1,1575,44,0,7,0
42,1,35,1,4973,13,0,12,0
43,1,44,1,0,29,5,2,0
44,2,11,1,17656,16,3,25,1
45,1,5,1,0,15,1,2,0
46,1,17,1,0,25,0,5,0
47,2,23,1,0,5,3,4,0
48,1,3,1,11090,41,0,13,0
49,1,5,1,0,4,1,7,0
50,2,5,1,10826,4,0,20,0
51,1,5,1,0,26,0,4,0
52,2,35,1,0,57,24,6,0
53,2,5,1,1352,6,1,4,0
54,2,5,1,8000,22,0,7,0
55,1,10,1,6000,52,0,5,0
56,2,43,2,9000,5,0,8,0
57,2,10,1,8000,30,60,7,1
58,2,43,1,0,33,0,15,0
59,1,46,1,0,14,0,4,0
60,2,23,2,11025,14,15,16,0
61,2,19,2,4000,1,2,3,0
62,1,43,1,3000,32,0,2,0
63,2,23,1,0,38,0,3,0
64,1,36,1,13876,100,2,20,1
65,2,35,1,4000,7,6,3,0
66,1,15,1,10144,26,0,21,1
67,2,38,1,545,25,5,17,0
68,2,4,1,6000,13,0,5,0
69,1,7,1,0,16,4,3,0
70,1,5,1,3490,29,0,4,0
71,1,46,1,4000,21,0,3,0
72,1,2,1,5000,35,8,4,0
73,2,6,1,13000,16,0,12,0
74,2,10,1,4000,6,0,3,0
75,1,15,1,5000,4,1,4,0
76,2,17,1,0,2,1,47,0
77,1,14,2,10079,12,0,25,0
78,1,18,1,5919,38,0,5,0
79,1,2,1,0,29,7,4,0
80,1,42,1,5000,9,0,4,0
81,1,41,1,5000,9,0,4,0
82,2,10,1,0,19,0,5,0
83,1,32,1,7610,16,8,17,0
84,2,43,1,7343,99,0,14,0
85,2,21,1,6535,11,0,6,0
86,2,4,1,4000,26,0,3,0
87,1,10,1,10681,100,0,10,1
88,2,44,1,8171,20,0,11,0
89,1,38,1,0,10,2,12,0
90,2,2,1,4000,14,20,3,0
91,1,23,1,10000,30,4,9,0
92,2,46,1,5000,100,1,4,0
93,1,35,1,9245,9,2,11,0
94,1,3,1,15000,15,1,14,0
95,1,39,1,779,94,8,2,0
96,1,39,1,0,10,0,3,0
97,1,25,1,7493,27,0,15,0
98,1,5,1,1849,46,0,6,0
99,2,5,1,5500,14,0,11,0
100,1,16,1,0,32,0,26,0
101,2,26,1,3000,16,0,2,0
102,2,15,1,8958,2,26,10,0
103,2,22,1,6461,14,3,28,0
104,2,20,1,3858,32,4,22,0
105,2,5,1,637,14,5,10,0
106,1,10,1,0,22,0,4,0
107,2,30,1,8760,26,0,11,0
108,2,15,1,839,10,5,6,0
109,1,46,1,5000,28,17,4,0
110,1,15,1,5000,7,0,4,0
111,2,35,1,11000,14,0,10,1
112,2,44,1,0,16,28,4,0
113,1,28,1,0,31,0,3,0
114,2,2,1,6000,11,0,5,0
115,1,36,2,5000,32,0,4,0
116,1,26,1,3000,22,30,2,0
117,2,13,1,5000,32,7,4,0
118,1,11,1,0,39,3,13,0
119,1,34,1,10000,2,25,9,0
120,1,11,1,9000,24,0,8,0
121,2,10,1,4000,6,4,3,0
122,2,5,1,5689,25,0,11,0
123,1,44,1,651,12,0,5,0
124,2,48,1,0,11,4,4,0
125,1,48,1,6719,24,0,13,0
126,1,43,1,0,7,0,4,0
127,1,10,1,6000,28,1,5,0
128,1,32,1,7000,5,0,6,0
129,1,44,1,4000,73,0,3,0
130,1,12,1,0,32,7,2,0
131,1,30,1,7000,27,5,6,0
132,1,36,1,8663,7,5,11,0
133,1,16,1,0,36,0,2,0
134,2,2,1,5000,100,0,4,0
135,2,35,2,2507,10,0,3,0
136,2,36,1,5000,16,8,4,0
137,1,35,2,1101,100,4,1,0
138,2,47,1,7644,11,0,63,0
139,1,7,1,0,16,0,2,0
140,1,43,1,355,16,0,32,0
141,2,3,1,8000,21,0,7,0
142,2,5,1,0,35,14,8,0
143,2,43,1,6000,33,0,5,0
144,1,24,1,8000,36,0,7,0
145,2,4,1,5000,9,0,4,0
146,1,46,1,0,53,0,28,0
147,1,35,1,2735,16,0,11,0
148,1,3,1,0,45,23,5,0
149,2,4,1,2000,73,8,8,0
150,2,10,1,5000,21,6,4,0
151,1,29,1,673,9,25,2,0
152,1,25,1,7000,17,0,6,0
153,1,5,1,5000,13,0,4,0
154,2,18,1,7000,16,0,6,0
155,2,15,1,11000,4,0,10,0
156,2,10,1,12213,26,0,38,1
157,2,6,1,3828,9,2,3,0
158,1,19,1,7000,14,0,6,0
159,1,5,1,2688,17,0,3,0
160,2,43,1,0,100,7,11,1
161,1,34,1,5000,10,5,4,0
162,2,49,1,5849,100,0,16,1
163,1,44,1,2415,55,0,3,0
164,2,16,1,0,5,7,3,0
165,2,5,1,4000,9,0,3,0
166,1,39,1,10705,9,0,20,0
167,1,23,2,2128,16,0,3,0
168,1,2,1,5000,74,0,4,0
169,2,4,1,1459,22,7,12,0
170,2,39,1,1394,34,0,9,0
171,1,39,1,3324,12,0,7,0
172,2,32,1,7785,13,1,17,0
173,2,5,1,3286,43,21,13,0
174,1,48,1,5626,100,0,7,1
175,2,32,1,5000,37,0,4,0
176,1,44,1,6000,4,0,5,0
177,1,32,1,905,72,0,5,0
178,2,48,1,5000,23,0,4,0
179,1,15,1,0,53,0,6,0
180,2,14,1,0,4,0,2,0
181,1,49,1,0,7,0,5,0
182,2,29,1,2191,24,5,4,0
183,1,33,1,7000,6,0,6,0
184,1,35,1,4519,14,3,28,0
185,2,35,1,6000,10,0,5,0
186,1,32,1,624,73,0,10,0
187,1,11,1,6000,5,0,5,0
188,1,35,1,4000,4,1,3,0
189,1,42,1,3000,54,0,2,0
190,1,11,1,0,13,0,3,0
191,1,18,2,4000,5,0,3,0
192,1,10,1,3000,18,0,2,0
193,2,5,1,0,8,0,3,0
194,1,23,1,3000,19,0,2,0
195,1,43,1,5879,4,31,17,0
196,2,11,1,2812,66,0,3,0
197,1,19,1,3000,64,0,2,0
198,2,5,1,4694,40,0,4,0
199,2,11,1,3000,5,0,2,0
200,2,33,1,0,7,0,4,0
201,1,44,1,2662,5,0,2,0
202,2,13,1,0,35,0,5,0
203,2,17,1,7272,8,14,10,0
204,1,5,1,859,10,0,4,0
205,1,26,1,0,8,0,5,0
206,2,23,1,0,14,0,12,0
207,1,16,2,0,10,0,15,0
208,2,35,1,0,19,0,23,0
209,1,44,1,0,18,0,3,0
210,2,36,1,0,57,0,1,0
211,2,44,1,336,14,0,2,0
212,1,39,1,5000,19,0,4,0
213,2,21,1,1972,12,0,9,0
214,1,26,1,0,33,5,9,0
215,2,24,1,3591,36,2,11,0
216,2,5,1,4847,22,0,64,0
217,2,21,1,804,2,0,7,0
218,2,11,1,0,96,0,10,0
219,1,32,1,4000,19,0,3,0
220,2,10,1,3000,10,1,2,0
221,1,10,1,7000,73,4,6,0
222,1,5,1,5000,15,1,4,0
223,1,13,1,4844,7,2,4,0
224,1,23,1,6423,73,0,12,0
225,2,44,1,0,19,0,1,0
226,1,44,1,0,4,0,6,0
227,2,27,1,0,17,1,7,0
228,1,35,1,6000,49,0,5,0
229,1,44,1,0,9,0,1,0
230,1,5,1,0,49,4,2,0
231,1,20,1,0,100,3,3,0
232,2,20,1,0,14,0,19,0
233,1,19,1,0,31,0,10,0
234,1,44,1,5000,17,0,4,0
235,1,44,1,5000,2,0,4,0
236,1,5,1,0,14,0,3,0
237,1,28,2,6000,21,1,5,0
238,1,20,1,2000,36,36,1,0
239,1,39,1,7000,24,0,6,0
240,1,19,1,5000,5,2,4,0
241,2,21,1,11000,6,0,10,0
242,1,24,1,3000,18,0,2,0
243,1,29,1,5000,1,8,4,0
244,1,16,1,5000,55,0,4,0
245,1,20,1,12136,8,0,20,0
246,1,15,1,3141,19,0,9,0
247,1,11,1,0,49,3,10,0
248,1,44,1,3668,100,0,8,0
249,2,44,1,0,76,51,3,0
250,1,23,1,0,100,0,3,0
251,2,29,1,0,16,34,5,0
252,1,11,1,6738,15,4,30,0
253,2,25,1,59,28,6,7,0
254,1,44,1,8459,11,11,10,0
255,2,39,1,0,13,14,5,0
256,1,5,1,0,6,0,7,0
257,1,20,1,3000,10,14,2,0
258,1,15,1,6000,7,10,5,0
259,1,44,1,3000,9,0,2,0
260,1,49,1,5000,24,6,4,0
261,1,35,1,11000,13,2,10,0
262,1,19,1,903,2,5,67,0
263,1,35,1,0,27,0,3,0
264,1,41,1,0,25,0,7,0
265,1,25,1,2712,24,5,3,0
266,1,44,1,4475,24,0,4,0
267,1,43,1,7000,29,0,6,0
268,1,14,1,490,30,17,24,0
269,1,35,1,1098,17,0,9,0
270,1,46,1,0,2,2,7,0
271,1,29,1,7000,3,60,6,0
272,1,22,1,10388,26,0,34,1
273,2,4,1,9422,47,0,15,0
274,1,48,1,0,19,0,5,0
275,1,25,1,1719,14,0,3,0
276,1,36,1,2624,75,1,7,0
277,2,35,1,4513,8,2,9,0
278,1,6,2,4000,100,0,3,0
279,1,5,1,4517,40,9,4,0
280,2,16,1,4934,29,0,5,0
281,2,35,1,1557,8,0,15,0
282,2,51,1,5220,49,0,7,0
283,2,44,1,3546,23,0,5,0
284,2,49,1,0,30,16,3,0
285,1,50,1,0,100,0,13,0
286,1,36,1,5000,3,2,4,0
287,1,20,1,13645,27,7,17,1
288,2,10,1,5838,9,3,13,0
289,1,25,2,6000,90,0,5,0
290,1,28,1,5000,13,2,4,0
291,1,10,1,4000,27,3,3,0
292,1,21,1,0,11,0,6,0
293,2,49,1,11000,35,7,10,0
294,2,39,1,6000,53,3,5,0
295,1,5,1,10392,16,0,31,0
296,2,39,1,10212,100,0,10,1
297,1,48,2,1276,15,4,6,0
298,1,24,1,5000,13,0,4,0
299,2,5,1,7000,72,0,6,1
300,2,35,1,0,18,8,11,0
301,1,15,1,0,18,0,3,0
302,2,10,1,0,27,8,3,0
303,2,11,1,0,2,1,4,0
304,1,44,1,1999,5,0,1,0
305,1,10,1,2000,18,0,1,0
306,2,15,1,9000,2,0,8,0
307,1,44,1,5000,3,1,4,0
308,2,17,1,8831,2,0,40,0
309,1,45,1,4000,3,21,3,0
310,1,35,1,6000,15,3,5,0
311,1,36,1,8000,57,0,7,0
312,1,5,1,4468,24,0,6,0
313,2,16,1,3000,100,0,2,0
314,1,43,1,4421,16,0,4,0
315,1,5,1,3000,18,0,2,0
316,1,35,1,5000,89,6,4,0
317,1,16,1,10000,5,0,9,0
318,2,36,1,3051,100,0,3,0
319,1,44,1,619,11,0,2,0
320,2,10,1,0,44,28,9,0
321,1,5,1,8000,15,0,7,0
322,2,35,1,0,65,5,19,0
323,1,10,1,4000,15,4,3,0
324,1,34,1,0,13,1,7,0
325,1,36,1,5881,94,0,6,0
326,1,35,1,5000,49,4,4,0
327,1,17,1,0,10,0,4,0
328,2,49,1,0,8,1,31,0
329,1,44,1,2587,13,1,16,0
330,2,15,1,0,15,0,12,0
331,2,36,1,13544,12,0,15,0
332,1,48,1,0,48,4,6,0
333,1,23,1,0,3,1,3,0
334,1,10,1,0,81,28,3,0
335,2,4,1,6000,15,0,5,0
336,1,35,1,5526,1,0,11,0
337,2,39,2,2061,18,0,5,0
338,1,21,1,6000,12,6,5,0
339,1,23,1,5036,100,9,11,0
340,2,36,1,0,94,4,5,0
341,2,47,1,1555,24,5,9,0
342,1,20,1,0,13,0,2,0
343,2,5,1,4956,25,0,15,0
344,1,10,1,7000,8,8,6,0
345,2,26,1,0,39,0,3,0
346,1,2,1,6642,100,4,7,0
347,1,12,1,0,15,0,6,0
348,1,32,1,6000,99,6,5,0
349,2,41,1,6659,12,0,7,0
350,1,35,1,4000,8,8,3,0
351,2,44,1,7000,25,0,6,0
352,2,5,1,1407,12,0,2,0
353,2,1,1,8422,13,0,14,0
354,1,35,1,3000,11,0,2,0
355,1,10,1,2882,20,5,7,0
356,1,35,1,4000,11,5,3,0
357,1,11,1,8000,20,0,7,0
358,2,26,2,1821,47,4,32,0
359,2,24,1,14000,12,0,13,0
360,2,25,1,51,3,0,4,0
361,1,41,1,0,3,8,3,0
362,1,5,1,3000,86,2,2,0
363,2,26,1,4159,34,0,5,0
364,1,15,1,0,3,12,6,0
365,2,39,1,4746,12,0,5,0
366,1,22,1,5000,18,7,4,0
367,1,29,1,6919,67,0,23,1
368,2,31,1,0,4,1,6,0
369,1,39,1,4008,18,0,13,0
370,2,31,1,173,10,0,45,0
371,1,2,1,7222,13,0,9,0
372,1,20,1,4000,4,0,3,0
373,1,29,1,3551,20,0,6,0
374,2,4,1,4000,44,0,3,0
375,1,26,1,4000,6,0,3,0
376,1,35,1,3526,8,0,7,0
377,1,2,1,1724,12,0,6,0
378,1,20,1,0,8,0,6,0
379,1,34,1,7000,24,0,6,0
380,1,16,1,6963,81,3,21,1
381,1,15,1,1435,5,0,4,0
382,2,44,1,10000,9,0,9,0
383,1,47,1,5000,4,0,4,0
384,2,44,1,5000,15,0,4,0
385,2,48,1,583,26,0,4,0
386,1,18,1,3193,29,0,5,0
387,1,5,1,0,56,0,7,0
388,1,22,1,7625,9,23,15,0
389,1,11,1,9000,8,1,8,0
390,1,39,1,352,29,0,7,0
391,1,33,1,5974,27,9,12,0
392,1,10,1,15000,42,8,14,0
393,1,7,1,2246,17,0,3,0
394,1,5,1,1228,8,32,6,0
395,1,35,1,7365,12,0,8,0
396,1,48,1,5000,4,6,4,0
397,2,35,1,0,7,0,6,0
398,1,5,1,571,2,0,6,0
399,2,39,1,4000,15,0,3,0
400,1,36,1,3000,62,0,2,0
401,1,39,1,0,48,0,6,0
402,2,29,1,4849,8,4,4,0
403,2,37,1,5148,50,0,6,0
404,2,45,1,0,12,0,3,0
405,2,5,1,12000,36,6,11,1
406,1,44,1,0,20,0,7,0
407,2,10,2,4000,4,0,3,0
408,1,39,1,5530,12,1,11,0
409,2,36,1,2663,5,0,16,0
410,1,43,1,0,100,13,3,0
411,1,5,1,4536,39,0,6,0
412,2,45,1,3210,16,0,5,0
413,2,35,1,3000,35,14,2,0
414,1,23,1,3000,20,0,2,0
415,1,15,1,5000,6,12,4,0
416,1,4,1,1211,8,0,2,0
417,1,32,1,0,30,3,6,0
418,2,4,1,18470,59,0,31,1
419,1,5,1,8000,30,0,7,0
420,1,34,1,0,19,0,3,0
421,1,39,1,6760,100,0,25,0
422,1,32,1,0,16,5,5,0
423,1,15,1,2053,30,0,42,0
424,2,13,1,12280,100,0,32,1
425,1,44,1,0,16,1,2,0
426,2,44,1,3370,24,1,5,0
427,2,32,1,14322,4,3,23,0
428,2,15,1,0,10,0,4,0
429,2,46,1,0,64,0,18,0
430,1,36,1,10166,55,52,13,0
431,2,29,1,4289,54,0,4,0
432,1,7,1,0,49,0,3,0
433,2,50,1,1267,19,10,1,0
434,1,8,1,2006,3,0,6,0
435,1,4,1,0,7,0,5,0
436,2,48,1,0,68,0,3,0
437,1,11,1,3046,6,1,5,0
438,1,14,1,4000,17,2,3,0
439,1,5,1,3065,19,0,5,0
440,1,44,1,11285,33,0,23,0
441,1,29,1,543,86,0,9,0
442,1,16,2,10000,4,0,9,0
443,2,23,1,0,10,0,20,0
444,2,4,1,5000,15,4,4,0
445,1,10,1,3000,4,0,2,0
446,1,43,1,3367,9,7,14,0
447,1,35,1,4000,16,0,3,0
448,1,29,1,5000,85,0,4,0
449,1,35,1,6881,23,0,55,0
450,1,25,1,0,100,0,5,0
451,1,24,1,10025,15,0,13,0
452,2,11,1,9382,5,8,13,0
453,1,17,1,8000,55,0,7,0
454,1,4,1,4857,38,0,6,0
455,1,45,1,0,40,0,2,0
456,2,10,1,6000,32,0,5,0
457,2,44,1,3031,30,0,12,0
458,2,28,1,0,66,9,3,0
459,1,4,1,14187,5,0,17,0
460,1,14,1,0,8,8,3,0
461,1,5,1,0,28,2,4,0
462,2,36,1,0,10,0,75,1
463,1,25,1,0,14,0,7,0
464,2,29,1,6000,100,0,5,0
465,2,5,1,4000,8,0,3,0
466,1,16,1,5000,11,0,4,0
467,2,36,1,0,7,0,2,0
468,1,49,1,4000,71,0,3,0
469,2,4,1,5000,100,1,4,0
470,2,48,1,0,15,0,4,0
471,2,1,1,8330,23,0,8,0
472,1,24,1,0,25,3,5,0
473,1,19,1,0,92,2,5,0
474,2,10,1,319,8,6,3,0
475,2,44,1,3000,17,0,2,0
476,2,15,1,3000,8,4,2,0
477,2,29,1,9000,12,0,8,0
478,1,5,1,4000,51,0,3,0
479,2,5,1,0,8,0,6,0
480,2,10,1,6000,21,2,5,0
481,2,48,1,3000,71,7,2,0
482,1,10,1,10000,14,17,9,0
483,1,44,1,3030,7,0,6,0
484,2,39,1,1764,23,3,3,0
485,2,25,1,0,5,0,6,0
486,1,28,1,4098,26,0,18,0
487,2,38,1,13755,23,0,18,1
488,2,44,1,3714,6,0,4,0
489,1,5,1,9629,23,2,30,0
490,1,35,1,0,12,0,5,0
491,2,23,1,17847,11,0,57,1
492,2,10,1,6000,26,29,5,1
493,2,46,1,0,91,7,3,0
494,1,10,1,5000,14,0,4,0
495,2,44,1,3000,33,1,2,0
496,1,36,1,4000,9,0,3,0
497,2,11,1,6186,20,0,13,0
498,1,48,1,0,32,0,5,0
499,1,5,1,6598,13,2,12,0
500,2,4,1,4000,40,1,3,0
501,2,32,1,4000,21,5,3,0
502,1,39,1,860,1,7,14,0
503,2,32,1,1954,13,0,2,0
504,2,19,1,5000,43,0,4,0
505,1,6,1,11000,100,1,10,1
506,2,5,1,4793,10,0,17,0
507,2,19,1,5000,50,0,4,0
508,1,35,1,12000,11,8,11,0
509,2,44,2,5000,45,12,4,0
510,1,10,1,10098,12,3,10,0
511,2,15,1,566,66,0,41,0
512,2,46,1,6000,93,2,5,0
513,1,36,1,0,5,0,7,0
514,1,35,1,1489,29,2,12,0
515,1,10,1,13324,53,5,75,1
516,2,19,1,0,27,3,3,0
517,2,49,1,0,11,2,6,0
518,2,10,1,2595,7,2,10,0
519,1,7,1,12302,4,3,14,0
520,1,23,1,9674,3,12,10,0
521,1,44,1,1275,28,7,4,0
522,2,10,1,0,20,0,30,0
523,1,44,1,187,70,0,3,0
524,2,23,1,0,100,0,5,0
525,1,5,1,8403,28,0,11,1
526,2,32,1,2474,38,6,2,0
527,1,18,1,11000,11,8,10,1
528,1,28,1,0,12,0,19,0
529,1,16,1,3000,11,2,2,0
530,2,21,1,1017,19,0,6,0
531,1,35,1,163,15,0,15,0
532,1,21,1,12783,20,8,21,0
533,1,39,1,2000,39,0,1,0
534,2,27,1,5000,16,5,4,0
535,1,24,1,0,100,7,16,0
536,1,11,1,0,9,0,2,0
537,2,5,1,4000,5,6,3,0
538,2,23,1,4000,17,0,3,0
539,1,39,1,6000,39,0,5,0
540,2,23,1,8850,100,12,11,1
541,1,36,1,0,33,9,6,0
542,2,43,1,4000,5,0,3,0
543,1,31,1,10253,17,0,15,0
544,1,43,1,0,6,0,38,0
545,1,27,1,8490,6,1,9,0
546,2,6,1,4000,8,0,3,0
547,1,46,1,0,3,0,19,0
548,1,45,1,10000,85,30,9,1
549,1,6,1,0,25,2,5,0
550,1,48,1,0,57,0,4,0
551,1,36,2,4000,45,3,3,0
552,1,5,1,9000,8,0,8,0
553,2,21,1,1085,41,0,5,0
554,1,32,1,0,4,8,2,0
555,1,5,1,1065,21,5,2,0
556,2,19,1,1151,77,0,3,0
557,1,21,1,5000,8,0,4,0
558,2,20,1,4000,20,0,3,0
559,2,35,1,5000,25,0,4,0
560,2,17,1,3288,23,0,31,0
561,1,44,1,4561,25,2,21,0
562,2,50,1,2525,6,0,5,0
563,2,7,1,3327,2,11,5,0
564,2,39,1,5000,16,0,4,0
565,1,38,1,12161,48,3,12,0
566,1,5,1,5000,12,1,4,0
567,2,11,1,3819,20,0,32,0
568,1,5,1,14000,14,55,13,1
569,1,10,1,0,2,0,5,0
570,1,11,1,8000,17,60,7,0
571,2,11,1,1519,25,0,11,0
572,1,5,1,3000,79,5,2,0
573,2,18,1,3000,5,10,2,0
574,1,45,1,3021,42,0,6,0
575,1,16,1,5624,9,19,6,0
576,1,26,1,3000,24,12,2,0
577,1,23,1,3000,15,0,2,0
578,2,44,1,3000,49,0,2,0
579,1,11,1,2322,29,0,10,0
580,1,44,1,0,72,0,3,0
581,1,5,1,6000,3,0,5,0
582,1,3,1,6000,33,0,5,0
583,2,5,2,6000,5,2,5,0
584,2,15,1,0,46,0,24,0
585,2,35,1,3819,100,0,5,0
586,1,44,1,1707,50,1,8,0
587,1,11,1,4000,7,0,3,0
588,2,5,1,2983,8,0,11,0
589,2,24,1,7591,13,6,15,0
590,1,32,1,4000,37,10,3,0
591,2,23,1,0,79,0,11,0
592,1,35,1,12811,19,0,24,0
593,1,2,2,0,15,5,4,0
594,1,6,1,7000,6,2,6,0
595,2,44,1,1796,100,0,3,0
596,1,14,1,0,1,0,3,0
597,1,4,1,3796,4,0,34,0
598,1,41,1,10529,32,0,14,0
599,1,34,1,5000,12,0,4,0
600,1,23,1,0,22,0,75,0
601,2,29,1,4000,9,3,3,0
602,1,4,1,0,13,13,7,0
603,1,5,2,0,6,0,12,0
604,1,41,1,4976,20,3,7,0
605,2,11,1,9000,14,0,8,0
606,2,49,1,0,32,0,6,0
607,2,29,1,7033,10,5,10,0
608,1,49,1,12000,36,0,11,1
609,1,48,1,1096,42,11,13,0
610,2,46,1,4000,77,1,3,0
611,2,23,1,4000,4,0,3,0
612,1,14,1,0,22,31,6,0
613,1,44,1,254,39,1,2,0
614,2,10,1,0,9,0,47,0
615,1,34,1,4000,23,0,3,0
616,1,5,1,2000,17,2,1,0
617,1,17,1,1816,8,1,7,0
618,2,32,2,9017,16,0,10,0
619,1,25,1,19000,17,3,18,0
620,1,48,1,5000,23,0,4,0
621,1,6,1,2853,5,4,5,0
622,1,34,1,8001,100,5,16,0
623,1,41,1,0,8,3,6,0
624,1,2,1,3382,70,0,8,0
625,2,44,1,3000,29,0,2,0
626,2,39,1,9425,1,0,10,0
627,1,35,1,0,4,0,15,0
628,1,43,1,5000,75,1,4,0
629,1,29,1,674,5,0,17,0
630,2,7,1,2714,6,0,4,0
631,2,5,1,4000,11,0,3,0
632,2,24,1,0,57,39,6,0
633,2,5,1,3000,5,2,2,0
634,2,16,1,1519,28,6,5,0
635,1,17,1,5000,45,0,4,0
636,1,46,1,2847,12,1,3,0
637,1,15,1,0,5,0,7,0
638,1,5,1,7000,17,3,6,0
639,2,39,2,5000,2,4,4,0
640,2,39,1,12766,6,4,47,0
641,1,24,1,6000,9,0,5,0
642,2,38,1,0,17,8,1,0
643,1,4,1,7719,9,1,14,0
644,1,3,1,5000,33,0,4,0
645,1,36,1,3000,5,0,2,0
646,1,21,1,0,6,0,6,0
647,2,10,1,0,83,0,26,0
648,1,35,1,6000,27,0,5,0
649,1,21,1,0,35,1,5,0
650,1,20,1,3000,20,7,2,0
651,1,46,1,3000,9,0,2,0
652,2,29,1,5000,53,3,4,0
653,2,39,1,0,19,0,6,0
654,2,41,1,6000,33,1,5,0
655,1,5,1,4000,66,0,3,0
656,1,5,1,7300,10,0,18,0
657,1,35,1,14000,46,3,13,1
658,1,5,1,2102,22,0,6,0
659,2,10,1,3793,100,0,5,0
660,1,27,1,0,76,0,15,0
661,2,15,1,13000,23,0,12,0
662,1,5,1,1556,59,17,2,0
663,2,35,1,0,100,0,5,0
664,1,5,1,5000,9,0,4,0
665,1,10,1,4000,6,0,3,0
666,1,5,1,7820,14,17,14,0
667,2,5,1,0,9,0,14,0
668,2,5,1,8731,17,5,20,0
669,1,49,1,6000,15,53,5,0
670,1,26,1,0,8,0,4,0
671,2,23,1,6000,29,5,5,0
672,2,5,1,5000,28,0,4,0
673,1,35,1,155,19,0,3,0
674,1,44,1,0,15,0,4,0
675,2,12,1,6000,33,1,5,0
676,1,26,1,4823,2,0,12,0
677,1,43,1,1519,28,7,9,0
678,1,20,1,497,49,0,6,0
679,2,25,1,5000,8,1,4,0
680,1,9,1,0,5,0,9,0
681,2,44,1,399,20,11,30,0
682,2,49,1,7000,34,11,6,0
683,2,4,1,98,40,1,22,0
684,2,34,1,0,22,4,33,0
685,1,11,1,1849,7,8,6,0
686,1,38,1,0,19,2,4,0
687,1,44,1,0,14,22,25,0
688,1,10,1,8318,32,0,38,1
689,1,23,1,675,9,0,8,0
690,1,5,1,0,26,0,16,0
691,1,16,1,0,16,1,9,0
692,1,3,1,0,11,5,5,0
693,1,5,1,486,50,0,2,0
694,1,15,1,3000,6,0,2,0
695,2,35,1,4000,100,0,3,0
696,1,35,1,0,7,50,3,0
697,1,5,1,4000,7,0,3,0
698,1,39,1,3114,9,0,35,1
699,1,49,1,3000,5,0,2,0
700,1,20,1,0,17,0,5,0
701,1,32,1,5000,4,0,4,0
702,1,44,1,0,6,1,13,0
703,1,24,1,9254,8,6,13,0
704,1,5,1,3626,96,0,10,0
705,2,48,1,4000,48,4,3,0
706,2,44,1,4000,22,2,3,0
707,2,15,1,3917,11,0,5,0
708,1,43,1,687,23,0,4,0
709,1,11,1,1917,1,0,13,0
710,1,13,1,0,36,2,4,0
711,2,50,1,5000,6,3,4,0
712,1,5,1,4792,26,0,5,0
713,1,32,1,7000,17,0,6,0
714,1,5,1,0,15,1,8,0
715,2,36,1,0,6,0,4,0
716,2,8,1,0,26,0,3,0
717,1,20,1,0,18,9,6,0
718,1,32,1,0,76,0,3,0
719,1,17,1,3000,4,0,2,0
720,1,32,1,0,10,0,4,0
721,1,44,1,0,21,9,6,0
722,2,7,1,0,24,12,8,0
723,1,11,1,4000,58,0,3,0
724,2,44,2,787,31,0,5,0
725,2,4,1,0,20,0,10,0
726,1,7,1,9000,34,0,8,0
727,2,38,1,0,5,0,6,0
728,2,20,1,0,7,5,6,0
729,1,36,1,0,10,5,3,0
730,1,32,1,6000,36,0,5,0
731,1,5,1,0,9,3,4,0
732,1,5,1,0,26,0,9,0
733,1,44,1,0,18,0,12,0
734,2,25,1,14000,16,0,13,0
735,1,46,1,4720,70,0,12,0
736,2,44,1,12000,21,3,11,0
737,2,20,1,996,53,0,9,0
738,2,21,1,4000,83,1,3,0
739,1,15,1,6248,57,1,18,0
740,1,39,1,0,11,0,7,0
741,1,4,1,5559,15,0,8,0
742,2,10,1,0,3,6,15,0
743,2,11,2,9000,35,0,8,0
744,2,39,1,0,100,0,6,0
745,2,38,1,2000,56,3,1,0
746,2,36,1,4359,100,0,5,0
747,1,44,1,5000,100,0,4,0
748,1,10,1,0,13,0,4,0
749,1,46,1,0,2,0,8,0
750,1,35,1,4000,50,0,3,0
751,2,24,1,1020,28,0,8,0
752,1,5,1,5061,5,19,6,0
753,2,48,1,0,17,0,4,0
754,2,17,1,5000,76,0,4,0
755,1,46,1,4000,43,0,3,0
756,1,10,1,3000,24,0,2,0
757,1,11,1,7203,3,0,9,0
758,1,15,1,8396,45,20,12,0
759,2,5,1,3000,6,4,2,0
760,1,25,1,0,13,6,6,0
761,2,18,1,0,5,0,9,0
762,2,11,1,1043,33,12,11,0
763,2,31,1,2358,11,1,8,0
764,1,44,1,10000,13,10,9,0
765,2,39,1,0,1,1,5,0
766,1,17,1,0,73,0,3,0
767,1,33,1,6000,5,0,5,0
768,1,32,1,11032,2,0,48,0
769,2,5,1,0,7,25,12,0
770,1,44,1,0,7,22,6,0
771,1,41,1,0,100,2,21,0
772,2,5,1,0,29,16,3,0
773,1,5,1,0,12,5,10,0
774,1,47,1,6000,13,0,5,0
775,1,43,1,619,24,5,4,0
776,2,35,1,0,29,0,4,0
777,2,11,1,0,7,2,14,0
778,2,5,1,6000,27,0,5,0
779,2,43,2,10000,15,0,9,0
780,1,10,1,5401,15,0,17,0
781,1,35,1,0,4,2,3,0
782,1,5,1,5000,71,8,4,0
783,1,10,1,3000,8,16,2,0
784,1,5,1,0,24,0,20,0
785,2,10,1,4864,49,0,10,0
786,1,39,1,5000,8,1,4,0
787,1,15,1,0,100,10,68,1
788,1,24,1,7345,5,0,10,0
789,1,20,1,8000,20,11,7,0
790,1,46,1,5000,17,0,4,0
791,1,7,1,4818,3,14,4,0
792,2,28,1,3990,12,0,15,0
793,1,10,1,256,22,0,4,0
794,1,5,1,11000,76,12,10,0
795,1,28,2,1709,8,0,6,0
796,1,44,1,2483,19,0,6,0
797,1,32,1,0,16,0,28,0
798,1,39,1,0,1,0,6,0
799,2,32,1,3155,26,0,5,0
800,1,10,1,4000,16,0,3,0
801,1,34,1,0,30,2,4,0
802,2,46,1,3450,38,0,12,0
803,1,20,1,0,20,0,4,0
804,2,36,1,3000,15,4,2,0
805,1,15,1,5000,10,0,4,0
806,1,2,1,5000,4,9,4,0
807,2,2,1,0,6,0,4,0
808,2,35,1,7000,18,23,6,0
809,1,35,1,4000,20,0,3,0
810,2,2,1,4106,9,0,4,0
811,2,29,1,6000,5,17,5,0
812,2,10,1,0,19,0,6,0
813,1,10,1,2895,10,2,7,0
814,1,36,1,5000,6,0,4,0
815,2,5,1,7000,47,0,6,0
816,1,44,1,0,44,0,10,0
817,1,40,1,3000,27,1,2,0
818,1,2,1,6351,33,0,10,0
819,1,2,1,5341,14,0,10,0
820,2,35,2,4223,23,0,8,0
821,1,5,1,3169,29,4,19,0
822,1,5,1,7000,52,5,6,0
823,2,44,2,4094,12,0,4,0
824,2,43,1,6000,39,0,5,0
825,2,5,1,3382,16,10,3,0
826,2,10,1,0,3,3,8,0
827,1,7,1,0,35,1,2,0
828,1,6,1,5000,59,1,4,0
829,2,29,1,0,9,0,11,0
830,1,5,1,4000,7,2,3,0
831,2,49,1,21000,4,4,20,1
832,1,10,1,1916,17,24,14,0
833,1,11,1,0,53,2,37,0
834,2,35,1,1456,16,0,5,0
835,1,10,1,3000,21,25,2,0
836,1,5,1,6713,42,0,16,0
837,1,35,1,0,25,1,9,0
838,2,29,1,5000,49,0,4,0
839,1,12,1,12000,10,0,11,0
840,2,5,1,4000,3,0,3,0
841,2,16,1,6000,4,6,5,0
842,2,35,1,0,53,0,29,0
843,1,39,1,0,14,12,3,0
844,1,11,1,6119,21,0,9,0
845,1,25,1,3000,6,13,2,0
846,1,45,1,0,35,7,8,0
847,1,44,1,5261,18,5,7,0
848,2,46,1,5654,22,0,6,0
849,1,16,1,0,100,2,8,0
850,2,29,1,0,29,6,4,0
851,1,39,1,5461,7,0,33,0
852,2,28,1,4000,19,57,3,0
853,2,5,1,4135,100,1,9,0
854,2,24,1,10000,31,15,9,0
855,2,28,1,4000,10,0,3,0
856,1,15,1,4188,16,1,5,0
857,2,20,1,8629,5,22,29,0
858,1,35,1,11000,4,0,10,0
859,2,5,1,0,5,0,6,0
860,1,12,1,5000,23,0,4,0
861,1,44,1,5531,6,1,17,0
862,1,12,1,0,100,60,5,0
863,2,17,2,0,14,0,8,0
864,1,3,1,6000,9,3,5,0
865,1,25,1,2097,65,8,24,0
866,1,4,1,12000,9,10,11,0
867,1,16,1,0,22,0,4,0
868,1,44,1,7918,15,0,9,0
869,1,29,1,3000,20,0,2,0
870,1,11,1,2833,34,5,42,0
871,2,16,1,9166,9,0,18,0
872,2,39,1,4056,31,3,6,0
873,1,41,1,11000,24,10,10,0
874,2,20,1,11288,1,1,38,0
875,1,16,1,2000,18,0,1,0
876,2,36,1,7000,91,0,6,0
877,1,10,1,4000,7,0,3,0
878,1,15,1,3000,1,0,2,0
879,1,41,1,9723,14,1,49,0
880,1,18,1,2197,65,15,5,0
881,1,32,1,4147,27,0,21,0
882,1,43,1,4000,30,0,3,0
883,1,47,1,4358,13,8,4,0
884,2,20,1,0,13,3,4,0
885,2,11,1,2966,35,0,5,0
886,1,24,1,4744,50,0,9,0
887,1,39,1,0,24,0,8,0
888,2,15,1,5000,33,0,4,0
889,1,5,1,3765,4,0,16,0
890,2,16,1,5000,11,0,4,0
891,1,5,1,1085,7,1,9,0
892,2,43,1,4000,21,0,3,0
893,2,32,1,7000,8,0,6,0
894,2,11,1,12368,42,0,12,0
895,1,10,1,0,10,0,11,0
896,1,5,1,382,4,0,2,0
897,2,6,1,1274,53,60,6,0
898,1,39,1,3000,11,0,2,0
899,1,49,1,11000,18,0,10,0
900,2,46,1,6926,18,8,7,1
901,2,5,1,3000,7,6,2,0
902,1,34,1,9444,62,28,17,1
903,1,28,1,24422,17,0,43,1
904,2,49,1,0,11,7,6,0
905,1,11,1,37,23,0,9,0
906,1,37,1,0,15,0,9,0
907,2,36,1,6000,100,28,5,0
908,1,16,1,0,18,6,2,0
909,1,13,1,13664,12,0,19,0
910,1,6,1,9613,45,0,11,0
911,2,29,1,24270,15,0,25,1
912,2,46,1,0,91,0,15,0
913,1,4,1,395,15,0,38,0
914,2,5,1,5000,40,2,4,0
915,1,33,1,5000,6,0,4,0
916,1,25,1,5000,73,0,4,0
917,2,35,1,0,22,0,46,0
918,2,3,1,1465,5,0,19,0
919,1,4,1,7000,7,0,6,0
920,1,42,1,5000,100,0,4,0
921,2,9,1,5976,65,29,5,0
922,1,5,1,15828,44,13,28,1
923,2,5,1,6000,13,0,5,0
924,2,11,1,0,3,1,6,0
925,1,26,1,9277,52,3,10,1
926,1,5,1,5000,14,2,4,0
927,2,5,1,701,34,0,5,0
928,1,35,1,4000,11,0,3,0
929,1,28,1,4000,81,0,3,0
930,1,43,1,8928,4,0,17,0
931,2,44,1,5000,5,0,4,0
932,1,44,1,0,10,2,27,0
933,2,16,1,4000,8,17,3,0
934,2,39,1,9713,19,0,14,0
935,2,39,1,0,45,0,9,0
936,2,32,1,15000,5,0,14,1
937,1,28,1,8000,19,0,7,0
938,1,5,1,5060,12,2,24,0
939,2,25,1,3799,42,1,5,0
940,2,7,1,7276,11,7,14,0
941,2,24,1,0,9,2,1,0
942,2,9,1,7000,11,7,6,0
943,1,5,1,7835,26,60,11,0
944,1,28,1,7365,43,0,9,0
945,2,11,1,6000,18,21,5,0
946,2,6,1,1493,11,0,5,0
947,2,32,1,5000,7,5,4,0
948,1,25,1,6864,28,0,15,0
949,1,4,1,4643,7,7,14,0
950,1,44,1,1489,76,2,2,0
951,2,35,1,4000,34,0,3,0
952,1,17,1,0,5,0,7,0
953,2,19,1,6000,20,0,5,0
954,1,10,1,0,5,0,6,0
955,2,35,1,12579,3,20,13,0
956,1,19,1,0,12,30,6,0
957,1,21,1,79,20,0,5,0
958,1,5,1,3549,37,1,14,0
959,1,5,1,478,6,9,27,0
960,1,29,1,4030,34,0,16,0
961,2,5,1,4310,17,13,5,0
962,1,35,1,4000,22,0,3,0
963,2,10,1,0,23,0,14,0
964,2,39,1,0,100,0,6,0
965,1,10,1,7610,24,0,10,0
966,2,5,1,3000,11,0,2,0
967,2,12,1,6000,12,0,5,0
968,2,5,1,5000,11,10,4,0
969,1,26,1,3978,29,0,4,0
970,1,5,1,0,80,0,2,0
971,1,4,1,1405,12,0,4,0
972,1,32,1,6000,3,3,5,0
973,2,4,1,0,10,0,7,0
974,1,43,1,5121,9,0,14,0
975,1,7,1,0,9,0,12,0
976,1,44,1,4000,17,0,3,0
977,1,11,2,0,27,0,5,0
978,1,36,1,0,20,6,11,0
979,2,32,1,6188,38,0,29,0
980,2,13,1,4000,22,0,3,0
981,1,43,1,16832,64,0,21,0
982,1,46,1,4719,45,0,6,0
983,2,32,1,4793,100,1,10,1
984,2,2,1,4690,12,1,6,0
985,2,10,1,16000,56,0,15,0
986,1,48,1,7000,8,1,6,0
987,1,15,1,0,87,0,14,0
988,2,5,1,10000,79,10,9,1
989,1,44,1,6309,14,5,8,0
990,1,44,1,4000,31,0,3,0
991,1,18,1,0,100,11,7,0
992,2,5,1,4000,9,0,3,0
993,2,10,1,0,1,2,11,0
994,2,17,1,8080,24,0,9,0
995,1,19,1,4953,6,2,41,0
996,1,16,1,0,1,18,3,0
997,2,12,1,3000,37,6,2,0
998,1,2,1,5702,10,9,12,0
999,2,38,1,0,11,0,4,0
1000,1,32,1,5000,39,2,4,0
1001,2,7,1,0,65,0,15,0
1002,1,46,1,0,18,0,2,0
1003,1,10,1,0,81,0,3,0
1004,1,48,1,0,12,0,3,0
1005,2,15,1,1594,35,0,7,0
1006,1,39,1,9000,4,0,8,0
1007,1,35,1,0,60,0,7,0
1008,1,44,1,729,18,0,5,0
1009,2,5,1,3092,19,7,21,0
1010,1,5,1,7628,16,1,9,0
1011,2,10,1,5000,39,0,4,0
1012,2,44,1,7000,21,0,6,0
1013,1,49,1,0,49,21,3,0
1014,2,5,1,4355,1,0,7,0
1015,2,46,1,4000,71,2,3,0
1016,1,34,1,9000,40,0,8,0
1017,1,25,1,0,15,6,3,0
1018,1,48,1,0,26,0,7,0
1019,1,45,1,0,72,1,2,0
1020,2,32,1,0,16,0,8,0
1021,2,15,1,9000,18,8,8,0
1022,2,24,1,3108,15,1,6,0
1023,1,44,1,7000,32,0,6,0
1024,2,15,1,0,21,23,23,0
1025,1,5,1,0,100,1,3,0
1026,1,46,1,0,9,1,3,0
1027,2,44,1,0,2,4,12,0
1028,2,5,1,12578,5,0,75,1
1029,1,49,1,11000,7,0,10,0
1030,2,44,1,5000,13,0,4,0
1031,1,5,1,10896,14,0,18,0
1032,2,20,1,6000,17,0,5,0
1033,1,4,1,10000,21,0,9,0
1034,2,32,1,3000,26,4,2,0
1035,1,35,1,0,8,2,12,0
1036,1,34,1,9000,55,5,8,1
1037,1,50,1,4418,45,1,9,0
1038,1,5,1,369,18,7,14,0
1039,2,13,1,0,39,0,13,0
1040,2,7,1,4000,26,3,3,0
1041,1,36,1,3054,100,0,5,0
1042,1,39,1,7846,13,1,34,0
1043,1,44,1,4000,40,8,3,0
1044,2,10,1,10199,34,0,21,0
1045,2,38,1,4000,11,0,3,0
1046,2,20,1,5122,12,1,9,0
1047,2,10,1,1151,29,0,3,0
1048,1,4,1,10403,11,10,16,0
1049,1,4,1,3000,44,0,2,0
1050,1,36,2,5000,20,1,4,0
1051,1,36,1,0,15,0,6,0
1052,1,32,1,6668,32,0,11,0
1053,2,23,1,9000,32,0,8,0
1054,1,10,2,4000,10,3,3,0
1055,2,36,1,0,15,0,3,0
1056,2,24,1,8000,100,11,7,1
1057,1,33,1,2174,20,0,6,0
1058,1,39,1,6000,4,0,5,0
1059,1,44,1,5000,6,0,4,0
1060,1,5,1,0,100,0,2,0
1061,1,5,1,5000,20,6,4,0
1062,2,29,1,3337,5,0,4,0
1063,1,5,1,5000,100,15,4,0
1064,1,10,1,10000,41,4,9,1
1065,1,34,1,4855,27,0,9,0
1066,2,10,1,4000,51,4,3,0
1067,1,50,1,327,29,7,7,0
1068,2,11,1,0,100,0,4,0
1069,2,29,1,7000,12,0,6,0
1070,1,49,1,6000,11,0,5,0
1071,1,5,1,0,20,5,18,0
1072,2,7,1,8000,37,0,7,0
1073,1,18,1,16495,18,2,51,1
1074,2,5,1,7000,8,0,6,0
1075,2,36,1,804,27,0,3,0
1076,2,34,1,4000,21,0,3,0
1077,2,10,1,0,16,0,22,0
1078,1,5,1,5006,25,0,6,0
1079,1,11,1,0,47,0,6,0
1080,1,10,1,0,36,0,8,0
1081,1,5,1,7609,16,6,9,0
1082,1,18,1,7878,34,18,28,0
1083,1,32,1,5184,100,11,11,0
1084,1,19,1,0,5,0,3,0
1085,1,7,1,0,4,0,28,0
1086,1,16,2,4000,6,0,3,0
1087,1,11,1,0,37,0,27,0
1088,2,11,1,1677,32,0,12,0
1089,2,5,1,64,8,0,11,0
1090,2,16,1,13243,100,1,32,1
1091,2,50,1,8875,9,0,13,0
1092,1,37,1,4309,26,3,9,0
1093,2,38,1,3218,33,0,4,0
1094,1,18,1,0,66,1,8,0
1095,2,39,1,9608,11,0,15,0
1096,1,15,1,367,16,11,2,0
1097,1,46,1,9000,43,3,8,1
1098,2,38,1,6196,15,4,6,0
1099,1,5,1,5000,12,0,4,0
1100,1,32,1,983,42,0,2,0
1101,2,5,1,0,7,0,9,0
1102,1,29,1,5000,9,0,4,0
1103,1,19,1,2135,8,0,5,0
1104,1,38,1,7269,35,11,14,0
1105,1,11,1,0,9,0,12,0
1106,1,13,1,2000,5,0,1,0
1107,2,46,1,6000,5,0,5,0
1108,2,10,1,12660,39,0,19,0
1109,1,20,1,5000,34,0,4,0
1110,1,10,1,5756,36,0,13,0
1111,1,10,1,4218,11,6,4,0
1112,1,39,1,8000,31,0,7,0
1113,1,37,1,7000,10,0,6,0
1114,1,6,1,0,13,0,8,0
1115,1,6,1,10000,36,0,9,0
1116,2,4,1,7000,8,0,6,0
1117,1,10,1,4000,100,0,3,0
1118,2,35,1,8323,24,0,8,0
1119,1,4,1,4000,16,0,3,0
1120,1,29,1,7000,28,0,6,0
1121,2,5,1,12000,9,0,11,0
1122,2,25,1,0,11,2,15,0
1123,2,21,1,4000,65,0,3,0
1124,2,35,1,10496,100,0,13,0
1125,1,49,1,130,33,0,2,0
1126,2,35,1,1823,41,7,9,0
1127,1,13,1,7060,17,0,7,0
1128,2,29,1,4698,15,7,7,0
1129,2,11,1,1311,26,4,8,0
1130,2,28,1,10452,8,7,16,0
1131,1,21,1,3966,57,5,5,0
1132,1,2,1,4821,55,5,9,0
1133,1,35,1,845,38,7,6,0
1134,2,35,1,2568,4,8,2,0
1135,2,5,1,4252,38,12,5,0
1136,2,10,1,9000,18,6,8,0
1137,2,10,1,0,87,0,9,0
1138,2,39,1,5635,78,1,5,0
1139,1,5,1,0,88,2,10,0
1140,2,36,1,7992,100,0,48,1
1141,1,20,1,0,28,0,2,0
1142,2,21,1,5000,24,0,4,0
1143,2,6,1,2176,12,0,68,0
1144,1,32,1,5000,1,0,4,0
1145,2,39,1,2000,25,24,1,0
1146,2,5,1,3342,9,0,34,0
1147,1,5,1,10653,5,7,22,0
1148,1,35,1,3046,21,2,6,0
1149,2,44,1,0,13,0,22,0
1150,1,5,1,7177,90,1,75,1
1151,1,5,1,11588,14,7,14,0
1152,1,4,2,7000,41,0,6,0
1153,2,35,1,3249,17,0,12,0
1154,2,4,1,0,22,0,3,0
1155,1,48,1,5000,10,0,4,0
1156,2,44,2,0,16,22,7,0
1157,1,13,1,5549,16,0,8,0
1158,1,5,1,1831,64,13,6,0
1159,1,39,1,15000,14,10,14,0
1160,2,5,1,5285,28,0,27,1
1161,1,5,1,10486,9,3,17,1
1162,2,39,1,9000,23,0,8,0
1163,1,35,1,0,45,16,8,0
1164,2,41,1,4000,32,0,3,0
1165,1,24,1,2577,4,1,5,0
1166,1,6,1,3000,9,0,2,0
1167,2,10,1,1919,100,60,8,1
1168,2,29,1,3867,31,0,10,0
1169,1,39,1,7354,100,0,9,0
1170,2,15,1,3109,30,0,4,0
1171,1,44,1,8000,10,0,7,0
1172,1,15,2,3000,28,14,2,0
1173,2,5,1,1136,6,0,10,0
1174,2,34,1,0,93,0,20,1
1175,1,49,1,4000,4,0,3,0
1176,2,4,1,3189,34,4,22,0
1177,1,44,1,3000,25,0,2,0
1178,1,35,1,3186,100,0,10,0
1179,1,44,1,0,13,0,12,0
1180,2,46,1,0,14,0,5,0
1181,1,38,1,2751,38,18,16,0
1182,2,23,1,10000,70,11,9,1
1183,1,46,1,10044,29,4,19,0
1184,2,4,1,9492,14,16,25,0
1185,1,26,1,0,19,0,2,0
1186,2,10,1,0,35,0,3,0
1187,2,46,1,3000,100,0,2,0
1188,2,37,1,10000,27,0,9,0
1189,1,5,1,5000,23,60,4,0
1190,2,36,1,10629,54,0,14,0
1191,2,3,1,5054,49,0,6,0
1192,1,24,1,5998,76,10,5,0
1193,1,38,1,3130,29,8,9,0
1194,2,44,1,3000,12,0,2,0
1195,1,35,1,0,56,0,4,0
1196,1,14,1,0,36,1,14,0
1197,1,44,1,0,17,0,4,0
1198,1,10,1,0,18,0,3,0
1199,1,16,1,0,86,0,12,0
1200,2,35,1,4000,8,0,3,0
1201,1,3,2,10000,14,0,9,0
1202,1,5,1,4000,28,38,3,0
1203,1,5,1,680,8,0,8,0
1204,1,35,1,2347,5,0,8,0
1205,1,5,1,0,9,14,11,0
1206,1,49,1,8000,11,5,7,0
1207,1,16,1,3000,78,9,2,0
1208,1,35,1,0,22,0,3,0
1209,1,11,1,10059,42,0,11,1
1210,1,21,1,8076,25,0,11,1
1211,1,29,1,2000,4,0,1,0
1212,1,23,1,10000,8,0,9,0
1213,2,23,1,3000,52,0,2,0
1214,1,32,1,7550,13,0,15,0
1215,2,35,1,0,11,0,2,0
1216,1,44,1,10932,26,0,12,0
1217,1,44,1,9000,17,2,8,0
1218,1,6,1,4033,26,0,5,0
1219,2,32,1,11000,41,0,10,0
1220,1,44,1,4000,34,14,3,0
1221,1,24,1,5711,33,0,9,0
1222,1,35,1,0,10,1,7,0
1223,1,48,1,2970,27,0,17,0
1224,1,34,1,7000,27,0,6,0
1225,1,24,1,0,3,23,8,0
1226,2,10,1,3000,11,1,2,0
1227,2,25,1,6000,15,2,5,0
1228,1,43,1,1265,4,0,2,0
1229,1,43,1,6000,100,9,5,0
1230,1,15,1,13000,15,0,12,0
1231,1,39,1,5000,6,9,4,0
1232,2,21,2,0,32,0,20,0
1233,2,39,1,0,14,3,7,0
1234,2,3,1,4000,16,0,3,0
1235,1,13,1,6000,19,21,5,0
1236,1,29,1,15993,48,8,18,1
1237,1,5,1,3000,17,27,2,0
1238,1,15,1,0,13,1,5,0
1239,1,24,1,3449,7,7,4,0
1240,2,17,1,8283,25,9,12,0
1241,1,7,2,5000,35,0,4,0
1242,2,46,1,1119,30,0,2,0
1243,1,15,1,1661,13,1,21,0
1244,2,25,1,4000,25,0,3,0
1245,1,21,1,8373,61,0,22,0
1246,2,44,1,6000,12,20,5,0
1247,2,23,1,3793,17,0,7,0
1248,1,11,1,2622,19,0,6,0
1249,2,10,1,4000,100,0,3,0
1250,1,25,1,3804,38,7,8,0
1251,1,21,1,9444,13,5,11,0
1252,2,44,1,2042,53,0,7,0
1253,2,11,1,0,38,0,6,0
1254,2,41,1,0,11,15,6,0
1255,1,35,1,3903,88,2,9,0
1256,2,29,1,8000,10,0,7,0
1257,2,3,1,3866,21,2,53,0
1258,1,10,1,7000,12,12,6,0
1259,1,50,1,3000,38,0,2,0
1260,1,44,1,8454,10,0,30,0
1261,1,44,1,0,50,2,11,0
1262,1,11,1,0,8,2,6,0
1263,2,25,1,0,1,8,5,0
1264,1,44,1,56,53,0,4,0
1265,1,36,1,21564,7,0,37,1
1266,1,38,1,7000,100,0,6,0
1267,1,5,1,0,25,1,4,0
1268,2,46,1,0,5,11,8,0
1269,1,20,1,5800,21,1,5,0
1270,1,8,1,0,27,0,11,0
1271,1,11,1,4537,18,0,16,0
1272,2,32,1,0,11,2,2,0
1273,2,24,1,3000,6,9,2,0
1274,1,21,1,0,8,6,13,0
1275,1,5,1,4000,5,0,3,0
1276,1,44,1,10000,26,0,9,0
1277,1,3,1,0,5,0,7,0
1278,1,35,2,5582,48,0,29,1
1279,2,6,1,12000,30,5,11,0
1280,1,4,1,4864,13,0,8,0
1281,1,44,1,5677,11,60,5,0
1282,2,17,1,0,75,4,10,0
1283,1,6,1,11000,55,0,10,0
1284,1,36,1,5000,65,0,4,0
1285,2,20,1,6000,100,5,5,0
1286,2,5,1,4000,11,1,3,0
1287,1,44,1,0,17,2,3,0
1288,1,17,2,2955,11,24,4,0
1289,2,34,1,0,6,0,5,0
1290,1,42,1,7000,8,10,6,0
1291,1,15,1,0,45,0,16,0
1292,1,22,1,7000,33,18,6,0
1293,1,26,1,1961,18,0,6,0
1294,2,29,2,7000,27,25,6,0
1295,2,5,1,4743,18,0,7,0
1296,2,15,1,4000,19,0,3,0
1297,1,17,1,3000,4,5,2,0
1298,1,46,1,8000,8,0,7,0
1299,1,15,2,2000,63,0,1,0
1300,1,13,1,3000,10,0,2,0
1301,1,1,2,6000,10,0,5,0
1302,2,36,1,0,45,2,3,0
1303,2,32,1,0,12,2,2,0
1304,2,5,1,4000,32,0,3,0
1305,1,21,1,0,11,0,3,0
1306,1,29,1,11081,25,0,11,0
1307,2,13,1,15346,44,8,17,1
1308,2,25,1,13026,18,0,38,1
1309,1,50,1,9964,48,11,10,0
1310,2,46,1,0,18,0,4,0
1311,2,20,1,11000,29,0,10,0
1312,1,4,1,4000,18,0,3,0
1313,1,19,2,0,4,0,7,0
1314,2,44,1,10000,17,8,9,1
1315,2,46,1,0,62,0,5,0
1316,2,38,1,5513,20,0,8,0
1317,2,50,1,7000,41,1,6,0
1318,2,39,1,0,12,0,9,0
1319,2,20,1,4626,9,0,10,0
1320,1,11,1,10516,43,0,14,0
1321,2,15,1,6000,6,6,5,0
1322,2,29,1,0,86,4,2,0
1323,1,44,2,0,30,6,5,0
1324,1,39,1,9372,65,0,11,0
1325,2,35,1,3707,13,0,6,0
1326,1,41,1,6532,14,0,17,0
1327,1,32,1,0,57,0,22,0
1328,1,19,1,5227,14,11,9,0
1329,2,44,1,0,4,60,10,0
1330,1,10,1,6000,38,34,5,0
1331,1,37,1,3707,17,1,5,0
1332,1,11,1,7000,26,5,6,0
1333,2,39,1,1425,16,7,53,0
1334,1,43,1,250,14,0,4,0
1335,2,6,1,9092,5,3,14,0
1336,2,44,1,4000,22,0,3,0
1337,2,10,1,3265,28,0,21,0
1338,1,44,2,376,4,1,3,0
1339,1,5,1,6387,3,0,6,0
1340,1,23,1,8000,12,60,7,0
1341,2,5,1,0,9,0,5,0
1342,1,10,1,17972,6,0,18,0
1343,2,15,1,12638,20,1,17,0
1344,1,10,1,14181,46,9,22,1
1345,1,43,1,13000,32,0,12,0
1346,1,5,2,5000,52,0,4,1
1347,1,29,1,0,21,0,4,0
1348,2,36,1,164,48,0,9,0
1349,2,29,2,3000,2,0,2,0
1350,1,29,1,5000,7,0,4,0
1351,2,11,1,4435,61,6,4,0
1352,1,10,1,5000,33,8,4,0
1353,2,6,1,2000,38,3,1,0
1354,2,20,1,5000,9,0,4,0
1355,2,33,1,8029,98,32,12,1
1356,2,11,1,0,56,3,11,0
1357,1,20,1,2648,8,0,12,0
1358,2,6,1,0,2,0,4,0
1359,2,32,1,4776,100,0,15,1
1360,1,2,1,3682,7,25,4,0
1361,1,49,1,0,4,0,2,0
1362,2,44,1,0,0,0,11,0
1363,1,48,1,6000,22,2,5,0
1364,2,43,1,2367,58,13,12,0
1365,2,29,1,3000,46,1,2,0
1366,2,46,1,0,40,0,8,0
1367,1,46,1,4000,26,0,3,0
1368,1,39,2,0,23,15,3,0
1369,2,14,2,3000,33,4,2,0
1370,2,10,1,3000,46,0,2,0
1371,1,35,1,989,32,2,19,0
1372,1,23,1,0,15,0,12,0
1373,1,15,1,7000,19,0,6,0
1374,2,11,1,5000,6,18,4,0
1375,1,10,1,20110,8,10,29,0
1376,2,5,1,5000,100,8,4,1
1377,1,29,1,9164,5,0,13,0
1378,2,3,1,3041,5,0,42,0
1379,2,35,1,14560,99,3,15,1
1380,1,5,1,1810,17,20,19,0
1381,2,50,1,321,7,2,8,0
1382,1,16,1,0,8,0,3,0
1383,2,15,1,5000,55,27,4,0
1384,1,29,1,4000,52,0,3,0
1385,1,44,1,5000,100,0,4,0
1386,1,5,1,0,15,0,12,0
1387,1,32,1,1333,12,0,5,0
1388,1,35,1,8000,6,0,7,0
1389,1,20,1,0,10,7,22,0
1390,1,4,1,2000,27,0,1,0
1391,2,15,1,5000,38,0,4,0
1392,1,36,1,2412,13,0,7,0
1393,2,21,1,19109,11,2,41,1
1394,2,4,1,0,37,15,3,0
1395,2,36,1,6250,71,0,8,1
1396,2,12,1,7994,32,0,13,0
1397,2,6,1,2297,32,2,15,0
1398,1,18,1,11000,100,0,10,0
1399,2,25,1,399,23,0,20,0
1400,1,44,1,4000,12,0,3,0
1401,1,23,1,4000,34,0,3,0
1402,2,35,1,13386,57,0,20,1
1403,1,35,1,8000,10,19,7,0
1404,1,44,1,1937,11,0,39,1
1405,1,16,1,6000,20,0,5,0
1406,1,16,1,6000,9,0,5,0
1407,1,46,1,2227,3,3,4,0
1408,1,15,1,0,21,5,21,0
1409,1,39,1,3000,7,0,2,0
1410,1,41,1,0,20,8,8,0
1411,1,13,1,5000,13,30,4,0
1412,2,41,1,810,2,0,4,0
1413,2,51,1,0,9,0,7,0
1414,1,5,1,0,45,19,13,0
1415,2,25,1,5000,10,5,4,0
1416,1,39,1,0,7,3,3,0
1417,2,5,1,5000,47,0,4,0
1418,1,5,1,1745,4,0,4,0
1419,2,11,1,4000,49,1,3,0
1420,2,44,1,5431,33,2,5,0
1421,1,35,1,0,11,0,12,0
1422,2,41,1,11242,17,1,16,0
1423,1,44,1,0,95,0,8,0
1424,2,19,1,0,4,0,6,0
1425,1,44,1,3000,10,34,2,0
1426,1,10,1,3000,24,2,2,0
1427,1,4,1,8000,32,0,7,0
1428,1,48,1,3000,3,0,2,0
1429,1,10,1,7000,22,0,6,0
1430,1,5,1,0,3,0,8,0
1431,2,46,1,0,6,7,7,0
1432,2,45,1,0,100,0,14,0
1433,1,15,1,2760,20,0,5,0
1434,2,36,1,6000,2,0,5,0
1435,2,6,1,3006,7,0,7,0
1436,1,44,1,0,3,0,75,0
1437,2,20,1,4000,9,0,3,0
1438,2,39,1,0,68,0,6,0
1439,1,5,1,1493,42,0,10,0
1440,1,21,1,0,4,0,6,0
1441,2,32,1,0,17,12,3,0
1442,1,48,1,6000,15,24,5,0
1443,2,5,1,0,56,45,10,0
1444,2,15,1,3245,4,0,15,0
1445,2,25,1,10318,29,4,56,1
1446,1,25,1,3853,6,0,5,0
1447,1,5,1,7484,16,1,8,0
1448,1,5,1,7000,39,0,6,0
1449,2,19,1,1595,6,0,2,0
1450,1,38,1,2750,30,0,11,0
1451,1,37,1,0,57,4,3,0
1452,1,13,1,11140,18,0,21,0
1453,2,18,1,5942,13,0,15,0
1454,2,5,1,457,22,7,4,0
1455,1,6,1,3196,12,0,3,0
1456,1,46,1,6000,27,0,5,0
1457,1,48,1,6714,49,0,10,0
1458,1,10,1,3613,13,30,7,0
1459,1,35,1,1569,10,5,2,0
1460,2,41,1,0,9,0,27,0
1461,2,20,1,5000,16,25,4,0
1462,2,10,1,7000,37,60,6,0
1463,2,39,1,9012,12,0,11,0
1464,1,2,1,0,13,1,47,0
1465,2,7,1,5000,11,0,4,0
1466,1,11,1,4000,20,2,3,0
1467,2,50,1,10997,6,0,18,0
1468,2,25,1,7000,10,5,6,0
1469,1,39,1,1556,23,2,6,0
1470,2,23,1,0,14,6,13,0
1471,1,21,1,1822,12,0,7,0
1472,2,44,1,4000,6,5,3,0
1473,1,21,1,8214,100,0,11,0
1474,2,2,1,0,39,11,2,0
1475,2,35,1,0,100,10,17,0
1476,2,10,1,7411,60,0,8,0
1477,1,6,1,4716,14,0,7,0
1478,1,44,1,3800,7,22,14,0
1479,1,23,1,0,100,8,16,0
1480,2,36,1,69,19,0,2,0
1481,1,46,1,6000,35,5,5,0
1482,1,35,1,8000,17,5,7,0
1483,2,11,1,4967,13,0,17,0
1484,1,5,1,5000,41,0,4,0
1485,1,43,1,12943,37,0,12,0
1486,1,10,1,5000,41,0,4,0
1487,1,10,1,5000,40,1,4,0
1488,2,5,1,0,59,3,5,0
1489,1,34,1,0,22,4,9,0
1490,2,36,1,7564,44,1,30,0
1491,1,36,1,0,55,0,4,0
1492,1,44,1,5000,23,15,4,0
1493,1,15,1,2086,100,5,5,0
1494,2,6,1,12000,3,5,11,0
1495,1,27,1,0,93,1,8,0
1496,1,36,1,6293,47,0,28,0
1497,1,24,1,11000,15,10,10,0
1498,1,37,1,3000,70,0,2,0
1499,1,36,1,0,21,22,4,0
1500,1,50,1,3447,8,0,14,0
1501,1,37,1,2844,49,0,8,0
1502,1,5,1,6000,19,5,5,0
1503,2,5,1,1738,23,0,6,0
1504,1,39,1,3619,37,0,11,0
1505,1,29,1,703,2,18,2,0
1506,2,44,1,3000,23,5,2,0
1507,2,44,1,0,36,0,17,0
1508,1,36,1,4565,100,0,7,0
1509,2,5,1,11532,25,15,40,1
1510,1,5,1,5000,11,11,4,0
1511,1,37,1,4000,8,0,3,0
1512,1,16,1,17000,26,0,16,0
1513,1,35,1,0,45,1,1,0
1514,1,10,1,6680,86,3,34,0
1515,1,29,1,6687,18,0,9,0
1516,1,32,1,4387,8,1,14,0
1517,1,16,1,7242,11,1,22,0
1518,1,24,1,3000,12,0,2,0
1519,1,23,1,4000,92,10,3,0
1520,2,5,1,9000,35,0,8,1
1521,1,44,1,3739,33,0,3,0
1522,1,44,1,3974,15,0,5,0
1523,1,23,1,9000,10,6,8,0
1524,1,46,1,2877,26,0,11,0
1525,2,39,1,0,65,0,4,0
1526,2,15,1,0,14,19,18,0
1527,2,49,1,7000,6,0,6,0
1528,2,9,1,0,100,0,3,0
1529,2,33,1,6000,95,0,5,0
1530,2,18,1,6339,3,2,14,0
1531,1,43,1,0,11,3,2,0
1532,1,21,1,6000,34,0,5,0
1533,1,11,1,3255,31,7,3,0
1534,2,44,1,4017,1,0,8,0
1535,1,15,1,6000,28,50,5,0
1536,1,5,1,0,26,2,9,0
1537,2,5,2,5000,100,1,4,0
1538,2,10,1,19,18,2,5,0
1539,1,5,1,9506,11,0,15,0
1540,2,10,1,3000,13,0,2,0
1541,1,5,1,4000,4,0,3,0
1542,1,5,1,5222,4,0,13,0
1543,1,48,1,1966,18,21,3,0
1544,2,29,1,5000,98,13,4,0
1545,2,47,1,0,15,1,2,0
1546,1,44,1,11000,24,0,10,0
1547,1,11,1,302,53,0,21,0
1548,2,33,1,11000,27,0,10,0
1549,2,49,1,57,95,0,8,0
1550,1,11,1,3000,14,2,2,0
1551,1,10,1,120,76,0,2,0
1552,1,13,1,3000,36,14,2,0
1553,1,44,1,4000,67,0,3,0
1554,1,32,1,4000,7,14,3,0
1555,2,39,2,8000,50,0,7,0
1556,2,39,1,5000,37,3,4,0
1557,2,36,1,0,29,0,9,0
1558,2,15,1,0,8,10,3,0
1559,2,5,1,13000,9,0,12,0
1560,2,15,1,9171,20,14,20,0
1561,1,7,1,0,11,4,3,0
1562,2,10,1,7304,8,4,37,0
1563,1,9,1,4000,4,0,3,0
1564,2,39,1,3000,3,0,2,0
1565,2,34,1,2617,43,0,5,0
1566,1,5,1,3644,5,0,16,0
1567,1,2,1,845,12,0,10,0
1568,1,10,1,4899,12,0,5,0
1569,1,39,1,4766,14,0,5,0
1570,1,5,1,12000,11,0,11,0
1571,1,23,1,686,6,4,3,0
1572,2,29,1,3000,4,1,2,0
1573,1,15,1,0,8,22,5,0
1574,2,4,1,3000,10,10,2,0
1575,2,19,1,0,18,3,4,0
1576,1,39,1,0,40,0,9,0
1577,2,17,1,4000,31,23,3,0
1578,2,21,1,6000,36,1,5,0
1579,1,34,1,0,20,0,5,0
1580,2,44,1,6984,17,5,7,0
1581,1,35,1,0,5,8,10,0
1582,2,44,1,3000,16,0,2,0
1583,1,48,1,0,15,19,7,0
1584,2,4,1,0,33,6,39,0
1585,2,48,1,0,6,0,35,0
1586,2,4,1,0,20,0,12,0
1587,1,50,1,6000,5,3,5,0
1588,2,19,1,0,15,10,28,0
1589,2,15,1,8195,66,0,17,1
1590,1,14,1,6000,73,0,5,0
1591,1,10,1,0,22,0,3,0
1592,1,4,1,4000,4,15,3,0
1593,1,35,1,5000,13,0,4,0
1594,1,44,1,11000,13,0,10,1
1595,1,15,1,0,31,43,9,0
1596,1,5,1,0,28,6,11,0
1597,2,18,1,6000,8,0,5,0
1598,2,37,1,0,22,0,16,0
1599,1,35,1,0,13,0,10,0
1600,2,16,2,3564,27,5,5,0
1601,2,6,1,0,18,7,4,0
1602,2,23,1,4000,49,5,3,0
1603,2,2,1,2097,23,18,4,0
1604,1,5,1,6048,23,27,8,0
1605,1,46,1,0,27,0,12,0
1606,1,37,1,0,14,0,2,0
1607,1,11,1,0,17,0,2,0
1608,2,6,1,0,12,34,5,0
1609,1,44,1,9853,98,0,14,1
1610,1,22,1,4000,10,3,3,0
1611,2,14,1,6000,13,0,5,0
1612,2,32,1,302,35,6,3,0
1613,2,35,1,14621,27,0,14,0
1614,1,29,1,0,10,6,3,0
1615,2,39,1,14000,29,1,13,1
1616,1,29,1,0,35,0,9,0
1617,2,39,1,4000,18,0,3,0
1618,1,29,1,2000,50,0,1,0
1619,2,16,1,7000,14,0,6,0
1620,1,11,1,0,3,0,9,0
1621,2,38,1,0,10,0,17,0
1622,1,23,1,0,6,0,4,0
1623,2,44,1,10035,29,0,31,0
1624,1,48,1,0,11,0,5,0
1625,2,5,1,3442,100,31,15,1
1626,1,26,1,5597,14,0,9,0
1627,2,16,1,2386,19,5,4,0
1628,2,18,1,3187,36,0,31,0
1629,1,18,1,5345,1,0,12,0
1630,2,39,1,6000,11,0,5,0
1631,2,5,1,4772,34,0,9,0
1632,2,35,1,4000,16,7,3,0
1633,1,3,1,4000,34,1,3,0
1634,1,44,1,128,29,0,4,0
1635,1,24,1,4000,17,0,3,0
1636,2,37,1,10066,100,0,10,1
1637,1,4,1,1422,10,1,2,0
1638,1,11,1,8000,14,0,7,0
1639,1,25,1,0,23,0,2,0
1640,2,38,1,11000,8,8,10,0
1641,1,10,1,7000,35,0,6,0
1642,1,21,1,6322,100,7,6,0
1643,1,10,1,4000,53,4,3,0
1644,1,29,1,970,56,0,4,0
1645,2,44,1,0,3,9,4,0
1646,2,44,1,3390,3,3,34,0
1647,1,15,1,4000,22,0,3,0
1648,1,6,1,7579,16,0,12,0
1649,1,36,1,3000,35,0,2,0
1650,1,39,1,0,100,19,3,0
1651,1,39,1,5000,11,8,4,0
1652,2,35,1,0,4,0,14,0
1653,2,22,1,7228,100,0,9,0
1654,1,5,2,3172,15,0,3,0
1655,1,7,1,25,9,4,7,0
1656,1,10,1,1652,10,3,14,0
1657,2,37,1,0,5,0,7,0
1658,1,15,1,0,69,0,44,0
1659,1,35,1,6000,74,0,5,0
1660,1,50,1,5785,25,0,26,0
1661,2,10,1,15486,8,0,16,0
1662,1,44,1,3000,8,5,2,0
1663,2,35,1,0,11,0,5,0
1664,1,23,2,882,19,0,4,0
1665,2,14,1,6461,9,0,7,0
1666,1,3,1,12336,8,9,29,1
1667,1,46,1,8682,10,0,12,0
1668,1,16,1,3000,69,0,2,0
1669,2,39,1,7000,22,2,6,0
1670,1,35,1,0,11,2,5,0
1671,2,16,1,13589,59,2,17,0
1672,1,39,1,0,32,5,9,0
1673,1,32,1,0,23,0,28,0
1674,1,21,1,8000,21,2,7,0
1675,2,25,1,1784,6,0,6,0
1676,2,5,1,2272,19,0,6,0
1677,2,36,1,4000,23,0,3,0
1678,1,39,1,7482,17,10,8,0
1679,2,37,1,429,6,0,20,0
1680,1,24,1,4220,6,0,5,0
1681,2,5,1,7000,28,0,6,0
1682,2,32,1,3000,9,11,2,0
1683,1,6,1,1641,71,2,4,0
1684,1,4,1,5786,10,16,5,0
1685,1,35,1,5000,5,2,4,0
1686,2,24,1,0,5,1,4,0
1687,2,5,1,2164,2,0,5,0
1688,1,7,1,0,17,0,3,0
1689,1,35,1,6000,100,0,5,0
1690,2,13,1,123,17,1,2,0
1691,1,17,1,0,54,0,57,0
1692,1,26,1,9000,9,0,8,0
1693,1,26,1,0,6,0,8,0
1694,1,24,1,8992,37,0,12,0
1695,2,5,1,5000,16,11,4,0
1696,1,25,1,0,32,0,3,0
1697,1,43,1,5000,100,4,4,0
1698,2,44,1,4000,8,9,3,0
1699,2,35,1,5000,89,0,4,0
1700,1,19,1,0,28,2,4,0
1701,1,46,1,5000,15,1,4,0
1702,1,5,1,11267,20,0,22,0
1703,2,44,1,4000,10,0,3,0
1704,1,43,2,3562,22,0,11,0
1705,1,44,1,4257,47,7,4,0
1706,2,32,1,2389,4,3,4,0
1707,2,38,1,0,9,9,3,0
1708,2,25,1,3000,2,0,2,0